locus,major,minor_1,minor_2
64,A / 98 [49],G / 2 [1],
79,A / 97.9 [47],G / 2.1 [1],
241,A / 98 [50],T / 2 [1],
448,T / 96 [48],A / 4 [2],
467,G / 98 [49],A / 2 [1],
470,A / 82 [41],G / 18 [9],
502,G / 98.1 [53],C / 1.9 [1],
515,A / 98.2 [56],G / 1.8 [1],
592,A / 98.6 [69],T / 1.4 [1],
593,C / 98.6 [69],A / 1.4 [1],
676,A / 93.4 [71],G / 3.9 [3],R / 2.6 [2]
820,G / 56.2 [45],A / 40 [32],R / 3.8 [3]
835,G / 65 [52],A / 33.8 [27],R / 1.2 [1]
856,A / 57.5 [46],G / 40 [32],R / 2.5 [2]
922,A / 97.5 [79],G / 2.5 [2],
1006,G / 93.6 [73],T / 6.4 [5],
1018,A / 98.7 [77],G / 1.3 [1],
1135,A / 98.4 [60],R / 1.6 [1],
1164,A / 63 [29],T / 37 [17],
1168,T / 53.3 [24],C / 46.7 [21],
1207,G / 75.9 [22],A / 24.1 [7],
1434,A / 91.3 [21],C / 8.7 [2],
1442,A / 83.3 [20],T / 16.7 [4],
1539,A / 97.9 [47],R / 2.1 [1],
1720,A / 98.6 [69],C / 1.4 [1],
1731,T / 90 [63],A / 10 [7],
1739,A / 97.1 [68],C / 2.9 [2],
1750,C / 60.6 [43],A / 26.8 [19],G / 12.7 [9]
1775,A / 94.4 [68],C / 5.6 [4],
1862,A / 98.6 [70],C / 1.4 [1],
1872,A / 92.9 [65],C / 5.7 [4],M / 1.4 [1]
1878,C / 97.2 [70],T / 2.8 [2],
1942,C / 74.2 [49],T / 25.8 [17],
1990,C / 51.6 [33],A / 48.4 [31],
2146,G / 90 [18],A / 10 [2],
2533,A / 97.1 [33],G / 2.9 [1],
2767,G / 81.8 [27],A / 18.2 [6],
2794,A / 81.2 [26],G / 18.8 [6],
3017,G / 97.7 [43],A / 2.3 [1],
3165,A / 90.9 [50],C / 9.1 [5],
3173,A / 90.9 [50],T / 9.1 [5],
3299,A / 60.7 [37],G / 36.1 [22],R / 3.3 [2]
3446,G / 98.5 [66],A / 1.5 [1],
3563,G / 98.3 [59],A / 1.7 [1],
3988,G / 94 [47],A / 6 [3],
